1,John,Kinkade,15,12/8/2018,Nick Kinkade,Martha Kinkade
2,Dave,Toth,7,12/8/2018,John Toth,Cat Toth
3,Mike,Twin,7,12/8/2018,Cipher Twin,Kate Twin
4,Mary,Black,7,12/8/2019,Kevin,Sue
5,Ruth,Duncan,7,12/8/2019,Ryan Duncan,Oma Duncan
6,Mecbeth,Fass,7,12/8/2019,Joseph Fass,Julia Fass
7,May,Doe,7,12/8/2019,Bob Doe,Eva Doe
8,Amos,Tubb,7,12/8/2019,Vin Tubb,Samantha
9,Jacob,Moss,7,12/8/2019,Grant Moss,Grey Moss
10,Kitty,Mercury,7,12/8/2019,Frey Mercury,Fiona Mercury
11,Joseph ,Mengele,7,12/8/2019,Hans Mengele,Hannah Mengele
12,Louis,Tang,7,12/8/2019,Murray,Guna
13,Yin,Song,7,12/8/2019,X Song,Y Qing
14,Abraham,Lincoln,7,12/8/2019,John Lincoln,May Lincoln
15,Abel,Bridge,7,12/8/2019,Link Bridge,July Bridge
16,Hannah,Goodwin,7,12/8/2019,Manny Goodwin,Mary Goodwin
17,Cain,Vceveg,7,12/8/2019,Dan Vceveg,Tinna Vceveg
18,Ryan,Evaul,7,12/8/2019,Nick Evaul,Nikita Evaul
19,Daniel,Lee,7,12/8/2019,Zhu Lee,Pacifica Lee
20,Allen,Poe,7,12/8/2019,Pace Poe,Pacifica Poe
21,Marry,Donna,7,12/8/2019,Murray Donna,Kate Donna
22,Maria,Rita,7,12/8/2019,Ryan Rita,Helen Rita
23,Noma,Opa,7,12/8/2019,Rommany,Bathsheba
24,Julia,Nein,7,12/8/2019,Larry,Akila
25,Kevin,Danke,7,12/8/2019,Green Danke,Blue Danke
26,Karthik,Bj,7,12/8/2019,GG,JJ
27,freddie,mercury,7,12/8/2019,Bury Mercury,Larria Mercury
100,Adrian,Murray,30,12/3/2018,Murray,Martha
101,Norman,Stuart,15,6/4/2018,Stuart,Barbara
29,Micheal,Durham,7,2/2/2017,Durham,Diana
30,Daniel,Durham,7,8/25/2018,Durham,Diana
31,Steve,Smith,7,12/20/2019,Smith,Samantha
